[
   {
      "pk" : 1,
      "fields" : {
         "attrs" : {
            "td" : {
               "class" : "bpp-lp-column"
            }
         },
         "display_totals" : false,
         "parent" : 1,
         "exclude_from_export" : true,
         "label" : "Lp",
         "footer_template" : "{{ value }}",
         "template" : "{{ column.column.counter }}.",
         "sortable" : false,
         "position" : 0,
         "attr_name" : "pk",
         "strip_html_on_export" : false
      },
      "model" : "flexible_reports.column"
   },
   {
      "model" : "flexible_reports.column",
      "pk" : 2,
      "fields" : {
         "exclude_from_export" : false,
         "strip_html_on_export" : true,
         "footer_template" : "{{ value }}",
         "sortable" : true,
         "template" : "{{ record.opis_bibliograficzny_cache|safe }}",
         "label" : "Opis bibliograficzny",
         "position" : 1,
         "attr_name" : "tytul_oryginalny",
         "attrs" : null,
         "parent" : 1,
         "display_totals" : false
      }
   },
   {
      "model" : "flexible_reports.column",
      "fields" : {
         "attrs" : null,
         "parent" : 1,
         "display_totals" : true,
         "exclude_from_export" : false,
         "strip_html_on_export" : false,
         "position" : 3,
         "attr_name" : "impact_factor",
         "footer_template" : "{{ value }}",
         "sortable" : true,
         "template" : "",
         "label" : "IF"
      },
      "pk" : 3
   },
   {
      "model" : "flexible_reports.column",
      "fields" : {
         "exclude_from_export" : false,
         "footer_template" : "{{ value }}",
         "sortable" : true,
         "template" : "",
         "label" : "PK",
         "position" : 4,
         "attr_name" : "punkty_kbn",
         "strip_html_on_export" : false,
         "attrs" : null,
         "display_totals" : true,
         "parent" : 1
      },
      "pk" : 4
   },
   {
      "fields" : {
         "display_totals" : false,
         "parent" : 1,
         "attrs" : null,
         "sortable" : true,
         "footer_template" : "{{ value }}",
         "template" : "",
         "label" : "Typ KBN",
         "attr_name" : "typ_kbn",
         "position" : 5,
         "strip_html_on_export" : false,
         "exclude_from_export" : false
      },
      "pk" : 5,
      "model" : "flexible_reports.column"
   },
   {
      "pk" : 6,
      "fields" : {
         "attr_name" : "rok",
         "position" : 2,
         "footer_template" : "{{ value }}",
         "label" : "Rok",
         "template" : "",
         "sortable" : true,
         "strip_html_on_export" : false,
         "exclude_from_export" : false,
         "display_totals" : false,
         "parent" : 1,
         "attrs" : null
      },
      "model" : "flexible_reports.column"
   },
   {
      "model" : "flexible_reports.datasource",
      "fields" : {
         "base_model" : 22,
         "label" : "1.1. Publikacje w czasopiśmie naukowym posiadającym Impact Factor IF (część A wykazu MNiSW)",
         "distinct" : true,
         "dsl_query" : "impact_factor > 0\r\nAND punktacja_wewnetrzna = 0\r\nAND NOT (\r\n    adnotacje ~ \"wos\" \r\n    OR\r\n    konferencja__baza_wos = 1\r\n    OR\r\n    adnotacje ~ \"erih\"\r\n)\r\nAND NOT typ_kbn = \"PW\""
      },
      "pk" : 1
   },
   {
      "pk" : 2,
      "fields" : {
         "label" : "1.2 Publikacja w czasopiśmie naukowym nieposiadającym IF (część B wykazu MNiSW)",
         "distinct" : true,
         "dsl_query" : "impact_factor = 0\r\nAND punkty_kbn > 0\r\nAND charakter IN [\"AC\", \"L\", \"Supl\"]\r\nAND NOT (adnotacje ~ \"wos\")\r\nAND NOT (adnotacje ~ \"erih\")\r\nAND NOT (typ_kbn = \"PW\")",
         "base_model" : 22
      },
      "model" : "flexible_reports.datasource"
   },
   {
      "pk" : 3,
      "fields" : {
         "base_model" : 22,
         "label" : "1.3 Publikacja w czasopiśmie naukowym znajdującym się w bazie European Reference Index for the Humanities (ERIH (część C wykazu MNiSW)",
         "distinct" : true,
         "dsl_query" : "adnotacje ~ \"erih\"\r\nAND punkty_kbn > 0"
      },
      "model" : "flexible_reports.datasource"
   },
   {
      "model" : "flexible_reports.datasource",
      "fields" : {
         "base_model" : 22,
         "distinct" : true,
         "dsl_query" : "liczba_znakow_wydawniczych >= 20000\r\nAND charakter IN [\"AC\", \"L\", \"Supl\"]\r\nAND impact_factor=0\r\nAND punkty_kbn > 0\r\nAND NOT jezyk__skrot = \"pol.\"",
         "label" : "1.4 Recenzowana publikacja naukowa w języku innym niż polski w zagranicznym czasopiśmie naukowym spoza list A,B,C, o objętości co najmniej 0,5 arkusza"
      },
      "pk" : 4
   },
   {
      "model" : "flexible_reports.datasource",
      "fields" : {
         "distinct" : true,
         "dsl_query" : "(adnotacje ~ \"wos\" OR konferencja__baza_wos = 1)\r\nAND punkty_kbn > 0",
         "label" : "1.5 Publikacja w recenzowanych materiałach z konferencji międzynarodowej uwzględnionej w Web of Science.",
         "base_model" : 22
      },
      "pk" : 5
   },
   {
      "model" : "flexible_reports.datasource",
      "pk" : 6,
      "fields" : {
         "distinct" : true,
         "dsl_query" : "typ_odpowiedzialnosci = \"aut.\"\r\nAND charakter IN [\"KSZ\", \"KSP\", \"KS\"]\r\n{% if punktuj_monografie %}\r\nAND punkty_kbn > 0\r\n{% endif %}\r\nAND autor = {{ autor.pk|default:0 }}",
         "label" : "2.1. Autorstwo monografii naukowej - autor",
         "base_model" : 22
      }
   },
   {
      "model" : "flexible_reports.datasource",
      "pk" : 7,
      "fields" : {
         "dsl_query" : "charakter = \"ROZ\"\r\nAND typ_odpowiedzialnosci = \"aut.\"\r\nAND autor = {{ obiekt.pk|default:0 }}",
         "distinct" : true,
         "label" : "2.2 Autorstwo rozdziału w monografii naukowej - autor",
         "base_model" : 22
      }
   },
   {
      "model" : "flexible_reports.datasource",
      "fields" : {
         "label" : "2.3 Redakcja naukowa monografii naukowej wieloautorskiej",
         "distinct" : true,
         "dsl_query" : "typ_odpowiedzialnosci = \"red.\"\r\nAND charakter IN [\"KSZ\", \"KSP\", \"KS\"]\r\n{% if punktuj_monografie %}\r\nAND punkty_kbn > 0\r\n{% endif %}\r\nAND autor = {{ obiekt.pk|default:0 }}",
         "base_model" : 22
      },
      "pk" : 8
   },
   {
      "model" : "flexible_reports.datasource",
      "fields" : {
         "label" : "3. Patenty",
         "dsl_query" : "charakter = \"PAT\"",
         "distinct" : true,
         "base_model" : 22
      },
      "pk" : 9
   },
   {
      "pk" : 10,
      "fields" : {
         "dsl_query" : "charakter IN [\"PSZ\", \"PRZ\", \"PST\", \"PSTS\", \"RZK\", \"ZRZ\", \"PSZ\", \"SZK\", \"ZSZ\"]",
         "distinct" : true,
         "label" : "4.1 Materiały konferencyjne",
         "base_model" : 22
      },
      "model" : "flexible_reports.datasource"
   },
   {
      "pk" : 11,
      "fields" : {
         "dsl_query" : "typ_kbn = \"PNP\"",
         "distinct" : true,
         "label" : "4.2 Publikacje popularnonaukowe",
         "base_model" : 22
      },
      "model" : "flexible_reports.datasource"
   },
   {
      "pk" : 12,
      "fields" : {
         "label" : "4.3 Inne",
         "dsl_query" : "NOT (charakter IN [\"PAT\", \"AC\", \"L\", \"Supl\", \"KSZ\", \"KSP\", \"KS\", \"ROZ\", \"PSZ\", \"PRZ\", \"PST\", \"PSTS\", \"RZK\", \"ZRZ\", \"PSZ\", \"SZK\", \"ZSZ\"])\r\n\r\nAND  NOT (typ_kbn  IN [\"PW\", \"PNP\"])",
         "distinct" : true,
         "base_model" : 22
      },
      "model" : "flexible_reports.datasource"
   },
   {
      "model" : "flexible_reports.datasource",
      "pk" : 13,
      "fields" : {
         "base_model" : 22,
         "dsl_query" : "charakter = \"ROZ\"\r\nAND typ_odpowiedzialnosci = \"aut.\"\r\nAND jednostka = {{ obiekt.pk|default:0 }}",
         "distinct" : true,
         "label" : "2.2 Autorstwo rozdziału w monografii naukowej - jednostka"
      }
   },
   {
      "pk" : 14,
      "fields" : {
         "distinct" : true,
         "dsl_query" : "charakter = \"ROZ\"\r\nAND typ_odpowiedzialnosci = \"aut.\"\r\nAND wydzial = {{ obiekt.pk|default:0 }}",
         "label" : "2.2 Autorstwo rozdziału w monografii naukowej - wydział",
         "base_model" : 22
      },
      "model" : "flexible_reports.datasource"
   },
   {
      "pk" : 15,
      "fields" : {
         "base_model" : 22,
         "label" : "2.1 Autorstwo rozdziału monografii naukowej - jednostka",
         "dsl_query" : "typ_odpowiedzialnosci = \"aut.\"\r\nAND charakter IN [\"KSZ\", \"KSP\", \"KS\"]\r\n{% if punktuj_monografie %}\r\nAND punkty_kbn > 0\r\n{% endif %}\r\nAND jednostka = {{ obiekt.pk|default:0 }}",
         "distinct" : true
      },
      "model" : "flexible_reports.datasource"
   },
   {
      "model" : "flexible_reports.datasource",
      "pk" : 16,
      "fields" : {
         "base_model" : 22,
         "label" : "2.1 Autorstwo rozdziału monografii naukowej - wydział",
         "distinct" : true,
         "dsl_query" : "typ_odpowiedzialnosci = \"aut.\"\r\nAND charakter IN [\"KSZ\", \"KSP\", \"KS\"]\r\n{% if punktuj_monografie %}\r\nAND punkty_kbn > 0\r\n{% endif %}\r\nAND wydzial = {{ obiekt.pk|default:0 }}"
      }
   },
   {
      "model" : "flexible_reports.datasource",
      "pk" : 17,
      "fields" : {
         "base_model" : 22,
         "label" : "2.3 Redakcja naukowa monografii naukowej wieloautorskiej - jednostka",
         "distinct" : true,
         "dsl_query" : "typ_odpowiedzialnosci = \"red.\"\r\nAND charakter IN [\"KSZ\", \"KSP\", \"KS\"]\r\n{% if punktuj_monografie %}\r\nAND punkty_kbn > 0\r\n{% endif %}\r\nAND jednostka = {{ obiekt.pk|default:0 }}"
      }
   },
   {
      "fields" : {
         "base_model" : 22,
         "distinct" : true,
         "dsl_query" : "typ_odpowiedzialnosci = \"red.\"\r\nAND charakter IN [\"KSZ\", \"KSP\", \"KS\"]\r\n{% if punktuj_monografie %}\r\nAND punkty_kbn > 0\r\n{% endif %}\r\nAND wydzial = {{ obiekt.pk|default:0 }}",
         "label" : "2.3 Redakcja naukowa monografii naukowej wieloautorskiej - wydział"
      },
      "pk" : 18,
      "model" : "flexible_reports.datasource"
   },
   {
      "model" : "flexible_reports.reportelement",
      "pk" : 1,
      "fields" : {
         "datasource" : 1,
         "title" : "1.1. Publikacje w czasopiśmie naukowym posiadającym Impact Factor IF (część A wykazu MNiSW)",
         "table" : 1,
         "position" : 0,
         "slug" : "tabela_1_1",
         "parent" : 1
      }
   },
   {
      "model" : "flexible_reports.reportelement",
      "fields" : {
         "position" : 0,
         "slug" : "tabela_1_1",
         "parent" : 2,
         "title" : "1.1. Publikacje w czasopiśmie naukowym posiadającym Impact Factor IF (część A wykazu MNiSW)",
         "datasource" : 1,
         "table" : 1
      },
      "pk" : 2
   },
   {
      "pk" : 3,
      "fields" : {
         "datasource" : 2,
         "title" : "1.2 Publikacja w czasopiśmie naukowym nieposiadającym IF (część B wykazu MNiSW)",
         "table" : 1,
         "position" : 1,
         "slug" : "tabela_1_2",
         "parent" : 2
      },
      "model" : "flexible_reports.reportelement"
   },
   {
      "pk" : 4,
      "fields" : {
         "parent" : 2,
         "position" : 2,
         "slug" : "tabela_1_3",
         "table" : 1,
         "datasource" : 3,
         "title" : "1.3 Publikacja w czasopiśmie naukowym znajdującym się w bazie European Reference Index for the Humanities (ERIH (część C wykazu MNiSW)"
      },
      "model" : "flexible_reports.reportelement"
   },
   {
      "pk" : 5,
      "fields" : {
         "position" : 3,
         "slug" : "tabela_1_4",
         "parent" : 2,
         "title" : "1.4 Recenzowana publikacja naukowa w języku innym niż polski w zagranicznym czasopiśmie naukowym spoza list A,B,C, o objętości co najmniej 0,5 arkusza",
         "datasource" : 4,
         "table" : 1
      },
      "model" : "flexible_reports.reportelement"
   },
   {
      "pk" : 6,
      "fields" : {
         "table" : 1,
         "title" : "1.5 Publikacja w recenzowanych materiałach z konferencji międzynarodowej uwzględnionej w Web of Science.",
         "datasource" : 5,
         "parent" : 2,
         "position" : 4,
         "slug" : "tabela_1_5"
      },
      "model" : "flexible_reports.reportelement"
   },
   {
      "pk" : 7,
      "fields" : {
         "datasource" : 6,
         "title" : "2.1 Autorstwo monografii naukowej",
         "table" : 1,
         "slug" : "tabela_2_1",
         "position" : 5,
         "parent" : 2
      },
      "model" : "flexible_reports.reportelement"
   },
   {
      "model" : "flexible_reports.reportelement",
      "pk" : 8,
      "fields" : {
         "table" : 1,
         "title" : "2.2 Autorstwo rozdziału w monografii naukowej",
         "datasource" : 7,
         "parent" : 2,
         "slug" : "tabela_2_2",
         "position" : 6
      }
   },
   {
      "model" : "flexible_reports.reportelement",
      "pk" : 9,
      "fields" : {
         "parent" : 2,
         "slug" : "tabela_2_3",
         "position" : 7,
         "table" : 1,
         "title" : "2.3 Redakcja naukowa monografii naukowej wieloautorskiej",
         "datasource" : 8
      }
   },
   {
      "fields" : {
         "table" : 1,
         "title" : "3. Patenty",
         "datasource" : 9,
         "parent" : 2,
         "slug" : "tabela_3",
         "position" : 8
      },
      "pk" : 10,
      "model" : "flexible_reports.reportelement"
   },
   {
      "pk" : 11,
      "fields" : {
         "table" : 1,
         "title" : "4.1. Materiały konferencyjne",
         "datasource" : 10,
         "parent" : 2,
         "position" : 9,
         "slug" : "tabela_4_1"
      },
      "model" : "flexible_reports.reportelement"
   },
   {
      "fields" : {
         "parent" : 2,
         "slug" : "tabela_4_2",
         "position" : 10,
         "table" : 1,
         "datasource" : 11,
         "title" : "4.2. Publikacje popularnonaukowe"
      },
      "pk" : 12,
      "model" : "flexible_reports.reportelement"
   },
   {
      "fields" : {
         "position" : 11,
         "slug" : "tabela_4_3",
         "parent" : 2,
         "datasource" : 12,
         "title" : "4. 3. Inne",
         "table" : 1
      },
      "pk" : 13,
      "model" : "flexible_reports.reportelement"
   },
   {
      "model" : "flexible_reports.reportelement",
      "pk" : 14,
      "fields" : {
         "position" : 1,
         "slug" : "tabela_1_2",
         "parent" : 1,
         "title" : "1.2 Publikacja w czasopiśmie naukowym nieposiadającym IF (część B wykazu MNiSW)",
         "datasource" : 2,
         "table" : 1
      }
   },
   {
      "model" : "flexible_reports.reportelement",
      "pk" : 15,
      "fields" : {
         "parent" : 1,
         "slug" : "tabela_1_3",
         "position" : 2,
         "table" : 1,
         "title" : "1.3 Publikacja w czasopiśmie naukowym znajdującym się w bazie European Reference Index for the Humanities (ERIH (część C wykazu MNiSW)",
         "datasource" : 3
      }
   },
   {
      "model" : "flexible_reports.reportelement",
      "fields" : {
         "slug" : "tabela_1_4",
         "position" : 3,
         "parent" : 1,
         "datasource" : 4,
         "title" : "1.4 Recenzowana publikacja naukowa w języku innym niż polski w zagranicznym czasopiśmie naukowym spoza list A,B,C, o objętości co najmniej 0,5 arkusza",
         "table" : 1
      },
      "pk" : 16
   },
   {
      "model" : "flexible_reports.reportelement",
      "fields" : {
         "datasource" : 5,
         "title" : "1.5 Publikacja w recenzowanych materiałach z konferencji międzynarodowej uwzględnionej w Web of Science.",
         "table" : 1,
         "position" : 4,
         "slug" : "tabela_1_5",
         "parent" : 1
      },
      "pk" : 17
   },
   {
      "model" : "flexible_reports.reportelement",
      "fields" : {
         "datasource" : 15,
         "title" : "2.1 Autorstwo monografii naukowej (do 3 autorów)",
         "table" : 1,
         "slug" : "tabela_2_1",
         "position" : 5,
         "parent" : 1
      },
      "pk" : 18
   },
   {
      "model" : "flexible_reports.reportelement",
      "fields" : {
         "title" : "2.2 Autorstwo rozdziału w monografii naukowej",
         "datasource" : 13,
         "table" : 1,
         "slug" : "tabela_2_2",
         "position" : 6,
         "parent" : 1
      },
      "pk" : 19
   },
   {
      "fields" : {
         "datasource" : 17,
         "title" : "2.3 Redakcja naukowa monografii naukowej wieloautorskiej",
         "table" : 1,
         "slug" : "tabela_2_3",
         "position" : 7,
         "parent" : 1
      },
      "pk" : 20,
      "model" : "flexible_reports.reportelement"
   },
   {
      "model" : "flexible_reports.reportelement",
      "fields" : {
         "table" : 1,
         "datasource" : 9,
         "title" : "3. Patenty",
         "parent" : 1,
         "slug" : "tabela_3",
         "position" : 8
      },
      "pk" : 21
   },
   {
      "fields" : {
         "position" : 9,
         "slug" : "tabela_4_1",
         "parent" : 1,
         "datasource" : 10,
         "title" : "4.1. Materiały konferencyjne",
         "table" : 1
      },
      "pk" : 22,
      "model" : "flexible_reports.reportelement"
   },
   {
      "model" : "flexible_reports.reportelement",
      "pk" : 23,
      "fields" : {
         "position" : 10,
         "slug" : "tabela_4_2",
         "parent" : 1,
         "datasource" : 11,
         "title" : "4.2. Publikacje popularnonaukowe",
         "table" : 1
      }
   },
   {
      "model" : "flexible_reports.reportelement",
      "pk" : 24,
      "fields" : {
         "datasource" : 12,
         "title" : "4. 3. Inne",
         "table" : 1,
         "position" : 11,
         "slug" : "tabela_4_3",
         "parent" : 1
      }
   },
   {
      "model" : "flexible_reports.reportelement",
      "fields" : {
         "table" : 1,
         "title" : "1.1. Publikacje w czasopiśmie naukowym posiadającym Impact Factor IF (część A wykazu MNiSW)",
         "datasource" : 1,
         "parent" : 3,
         "position" : 0,
         "slug" : "tabela_1_1"
      },
      "pk" : 25
   },
   {
      "model" : "flexible_reports.reportelement",
      "pk" : 26,
      "fields" : {
         "table" : 1,
         "datasource" : 2,
         "title" : "1.2 Publikacja w czasopiśmie naukowym nieposiadającym IF (część B wykazu MNiSW)",
         "parent" : 3,
         "slug" : "tabela_1_2",
         "position" : 1
      }
   },
   {
      "fields" : {
         "slug" : "tabela_1_3",
         "position" : 2,
         "parent" : 3,
         "title" : "1.3 Publikacja w czasopiśmie naukowym znajdującym się w bazie European Reference Index for the Humanities (ERIH (część C wykazu MNiSW)",
         "datasource" : 3,
         "table" : 1
      },
      "pk" : 27,
      "model" : "flexible_reports.reportelement"
   },
   {
      "model" : "flexible_reports.reportelement",
      "pk" : 28,
      "fields" : {
         "slug" : "tabela_1_4",
         "position" : 3,
         "parent" : 3,
         "datasource" : 4,
         "title" : "1.4 Recenzowana publikacja naukowa w języku innym niż polski w zagranicznym czasopiśmie naukowym spoza list A,B,C, o objętości co najmniej 0,5 arkusza",
         "table" : 1
      }
   },
   {
      "model" : "flexible_reports.reportelement",
      "pk" : 29,
      "fields" : {
         "parent" : 3,
         "slug" : "tabela_1_5",
         "position" : 4,
         "table" : 1,
         "title" : "1.5 Publikacja w recenzowanych materiałach z konferencji międzynarodowej uwzględnionej w Web of Science.",
         "datasource" : 5
      }
   },
   {
      "pk" : 30,
      "fields" : {
         "parent" : 3,
         "slug" : "tabela_2_1",
         "position" : 5,
         "table" : 1,
         "title" : "2.1 Autorstwo monografii naukowej",
         "datasource" : 16
      },
      "model" : "flexible_reports.reportelement"
   },
   {
      "pk" : 31,
      "fields" : {
         "title" : "2.2 Autorstwo rozdziału w monografii naukowej",
         "datasource" : 14,
         "table" : 1,
         "slug" : "tabela_2_2",
         "position" : 6,
         "parent" : 3
      },
      "model" : "flexible_reports.reportelement"
   },
   {
      "model" : "flexible_reports.reportelement",
      "fields" : {
         "parent" : 3,
         "position" : 7,
         "slug" : "tabela_3",
         "table" : 1,
         "title" : "3. Patenty",
         "datasource" : 9
      },
      "pk" : 32
   },
   {
      "pk" : 33,
      "fields" : {
         "datasource" : 10,
         "title" : "4.1. Materiały konferencyjne",
         "table" : 1,
         "slug" : "tabela_4_1",
         "position" : 8,
         "parent" : 3
      },
      "model" : "flexible_reports.reportelement"
   },
   {
      "fields" : {
         "slug" : "tabela_4_2",
         "position" : 9,
         "parent" : 3,
         "title" : "4.2. Publikacje popularnonaukowe",
         "datasource" : 11,
         "table" : 1
      },
      "pk" : 34,
      "model" : "flexible_reports.reportelement"
   },
   {
      "pk" : 35,
      "fields" : {
         "parent" : 3,
         "position" : 10,
         "slug" : "tabela_4_3",
         "table" : 1,
         "datasource" : 12,
         "title" : "4. 3. Inne"
      },
      "model" : "flexible_reports.reportelement"
   },
   {
      "pk" : 36,
      "fields" : {
         "slug" : "tabela_2_3",
         "position" : 11,
         "parent" : 3,
         "datasource" : 18,
         "title" : "2.3 Redakcja naukowa monografii naukowej wieloautorskiej",
         "table" : 1
      },
      "model" : "flexible_reports.reportelement"
   },
   {
      "model" : "flexible_reports.report",
      "pk" : 1,
      "fields" : {
         "slug" : "raport-jednostek",
         "template" : "<h1>Raport jednostki - {{ object }} za \r\n\r\n{% if od_roku == do_roku %}\r\n    rok {{ od_roku }}\r\n{% else %}\r\n    lata {{ od_roku }} - {{ do_roku }}\r\n{% endif %}\r\n</h1>\r\n\r\n{% load django_tables2 %}\r\n\r\n<h2>1. Publikacje w czasopismach naukowych</h2>\r\n\r\n<h3>{{ elements.tabela_1_1.title }}</h3>\r\n{% render_table elements.tabela_1_1.table %}\r\n\r\n<h3>{{ elements.tabela_1_2.title }}</h3>\r\n{% render_table elements.tabela_1_2.table %}\r\n\r\n<h3>{{ elements.tabela_1_3.title }}</h3>\r\n{% render_table elements.tabela_1_3.table %}\r\n\r\n<h3>{{ elements.tabela_1_4.title }}</h3>\r\n{% render_table elements.tabela_1_4.table %}\r\n\r\n<h3>{{ elements.tabela_1_5.title }}</h3>\r\n{% render_table elements.tabela_1_5.table %}\r\n\r\n<h2>2. Monografie naukowe</h2>\r\n<h3>{{ elements.tabela_2_1.title }}</h3>\r\n{% render_table elements.tabela_2_1.table %}\r\n\r\n<h3>{{ elements.tabela_2_2.title }}</h3>\r\n{% render_table elements.tabela_2_2.table %}\r\n\r\n<h3>{{ elements.tabela_2_3.title }}</h3>\r\n{% render_table elements.tabela_2_3.table %}\r\n\r\n<h2>{{ elements.tabela_3.title }}</h3>\r\n{% render_table elements.tabela_3.table %}\r\n\r\n<h2>4. Inne</h2>\r\n\r\n<h2>{{ elements.tabela_4_1.title }}<h2>\r\n{% render_table elements.tabela_4_1.table %}\r\n\r\n<h2>{{ elements.tabela_4_2.title }}<h2>\r\n{% render_table elements.tabela_4_2.table %}\r\n\r\n<h2>{{ elements.tabela_4_3.title }}<h2>\r\n{% render_table elements.tabela_4_3.table %}",
         "title" : "Raport jednostek"
      }
   },
   {
      "pk" : 2,
      "fields" : {
         "slug" : "raport-autorow",
         "template" : "<h1>Raport autora - {{ object }} za \r\n\r\n{% if od_roku == do_roku %}\r\n    rok {{ od_roku }}\r\n{% else %}\r\n    lata {{ od_roku }} - {{ do_roku }}\r\n{% endif %}\r\n</h1>\r\n\r\n{% load django_tables2 %}\r\n\r\n<h2>1. Publikacje w czasopismach naukowych</h2>\r\n\r\n<h3>{{ elements.tabela_1_1.title }}</h3>\r\n{% render_table elements.tabela_1_1.table %}\r\n\r\n<h3>{{ elements.tabela_1_2.title }}</h3>\r\n{% render_table elements.tabela_1_2.table %}\r\n\r\n<h3>{{ elements.tabela_1_3.title }}</h3>\r\n{% render_table elements.tabela_1_3.table %}\r\n\r\n<h3>{{ elements.tabela_1_4.title }}</h3>\r\n{% render_table elements.tabela_1_4.table %}\r\n\r\n<h3>{{ elements.tabela_1_5.title }}</h3>\r\n{% render_table elements.tabela_1_5.table %}\r\n\r\n<h2>2. Monografie naukowe</h2>\r\n<h3>{{ elements.tabela_2_1.title }}</h3>\r\n{% render_table elements.tabela_2_1.table %}\r\n\r\n<h3>{{ elements.tabela_2_2.title }}</h3>\r\n{% render_table elements.tabela_2_2.table %}\r\n\r\n<h3>{{ elements.tabela_2_3.title }}</h3>\r\n{% render_table elements.tabela_2_3.table %}\r\n\r\n<h2>{{ elements.tabela_3.title }}</h3>\r\n{% render_table elements.tabela_3.table %}\r\n\r\n<h2>4. Inne</h2>\r\n\r\n<h2>{{ elements.tabela_4_1.title }}<h2>\r\n{% render_table elements.tabela_4_1.table %}\r\n\r\n<h2>{{ elements.tabela_4_2.title }}<h2>\r\n{% render_table elements.tabela_4_2.table %}\r\n\r\n<h2>{{ elements.tabela_4_3.title }}<h2>\r\n{% render_table elements.tabela_4_3.table %}",
         "title" : "Raport autorów"
      },
      "model" : "flexible_reports.report"
   },
   {
      "pk" : 3,
      "fields" : {
         "title" : "Raport wydziałów",
         "template" : "<h1>Raport wydziału - {{ object }} za \r\n\r\n{% if od_roku == do_roku %}\r\n    rok {{ od_roku }}\r\n{% else %}\r\n    lata {{ od_roku }} - {{ do_roku }}\r\n{% endif %}\r\n</h1>\r\n\r\n{% load django_tables2 %}\r\n\r\n<h2>1. Publikacje w czasopismach naukowych</h2>\r\n\r\n<h3>{{ elements.tabela_1_1.title }}</h3>\r\n{% render_table elements.tabela_1_1.table %}\r\n\r\n<h3>{{ elements.tabela_1_2.title }}</h3>\r\n{% render_table elements.tabela_1_2.table %}\r\n\r\n<h3>{{ elements.tabela_1_3.title }}</h3>\r\n{% render_table elements.tabela_1_3.table %}\r\n\r\n<h3>{{ elements.tabela_1_4.title }}</h3>\r\n{% render_table elements.tabela_1_4.table %}\r\n\r\n<h3>{{ elements.tabela_1_5.title }}</h3>\r\n{% render_table elements.tabela_1_5.table %}\r\n\r\n<h2>2. Monografie naukowe</h2>\r\n<h3>{{ elements.tabela_2_1.title }}</h3>\r\n{% render_table elements.tabela_2_1.table %}\r\n\r\n<h3>{{ elements.tabela_2_2.title }}</h3>\r\n{% render_table elements.tabela_2_2.table %}\r\n\r\n<h3>{{ elements.tabela_2_3.title }}</h3>\r\n{% render_table elements.tabela_2_3.table %}\r\n\r\n<h2>{{ elements.tabela_3.title }}</h3>\r\n{% render_table elements.tabela_3.table %}\r\n\r\n<h2>4. Inne</h2>\r\n\r\n<h2>{{ elements.tabela_4_1.title }}<h2>\r\n{% render_table elements.tabela_4_1.table %}\r\n\r\n<h2>{{ elements.tabela_4_2.title }}<h2>\r\n{% render_table elements.tabela_4_2.table %}\r\n\r\n<h2>{{ elements.tabela_4_3.title }}<h2>\r\n{% render_table elements.tabela_4_3.table %}",
         "slug" : "raport-wydzialow"
      },
      "model" : "flexible_reports.report"
   },
   {
      "model" : "flexible_reports.table",
      "pk" : 1,
      "fields" : {
         "label" : "Publikacje autorów",
         "empty_template" : "<center>Nie znaleziono takich rekordów.</center>",
         "attrs" : {
            "class" : "bpp-table"
         },
         "group_prefix" : "",
         "base_model" : 22,
         "sort_option" : 0
      }
   }
]
